0,lendingtree
1,passport
2,grapes
3,sata
4,satin
5,bliss
6,planting
7,cowboy
8,beijing
9,fasteners
10,sunflower
11,noir
12,pillars
13,billie
14,christopher
15,cricket
16,gardener
17,vail
18,instructors
19,immigrants
20,rye
21,logger
22,bulbs
23,tiger
24,bw
25,olympics
26,arabia
27,neuroscience
28,canberra
29,elizabeth
30,atx
31,mechanic
32,nylon
33,greyhound
34,packard
35,royce
36,coat
37,shipped
38,aa
39,summit
40,meridia
41,avenues
42,lolita
43,ig
44,stony
45,plaid
46,skyline
47,collier
48,runway
49,debris
50,levy
51,sf
52,lambda
53,az
54,quilting
55,whale
56,iptables
57,irene
58,coordinate
59,blondes
60,rams
61,accountant
62,vancouver
63,gypsy
64,exhibition
65,berries
66,croatia
67,populated
68,audioslave
69,fog
70,samurai
71,courtyard
72,colorado
73,scripture
74,malawi
75,syracuse
76,westminster
77,refused
78,beirut
79,ucla
80,presley
81,carlsbad
82,lena
83,jars
84,tunisia
85,card
86,dentistry
87,vault
88,nurses
89,hoodia
90,feathers
91,stairs
92,coat
93,premiere
94,tights
95,sting
96,bender
97,kerala
98,stopped
99,naples
100,crop
101,storytelling
102,david
103,yellowstone
104,sonyericsson
105,crochet
106,singapore
107,banner
108,jar
109,populations
110,equine
111,birds
112,affirm
113,sweater
114,hayward
115,mississauga
116,motels
117,bouquet
118,fairies
119,map
120,enable
121,cabinets
122,satin
123,displayed
124,hare
125,mug
126,eight
127,golfing
128,utilities
129,trees
130,cries
131,premiership
132,soccer
133,mechanic
134,arabian
135,natal
136,stroll
137,handbag
138,hindu
139,zodiac
140,ivoire
141,upskirt
142,penguins
143,dealing
144,lister
145,olympics
146,corsair
147,aphrodite
148,hilfiger
149,maltese
150,irene
151,habitat
152,spires
153,vase
154,jeans
155,lessons
156,grenadines
157,binoculars
158,bucket
159,earrings
160,hertz
161,scrapbooking
162,zu
163,nottingham
164,boots
165,teleflora
166,minneapolis
167,facials
168,downs
169,snowboard
170,waterfall
171,canyon
172,globe
173,overlay
174,excavation
175,walls
176,medieval
177,bedrooms
178,bremen
179,door
180,kiosk
181,baskets
182,tunisia
183,runners
184,audi
185,reputable
186,durban
187,toulouse
188,running
189,broadway
190,draper
191,hyderabad
192,coach
193,ireland
194,basketball
195,usher
196,height
197,volleyball
198,dresser
199,sydney
200,eagle
201,ceramics
202,bears
203,affirm
204,kelley
205,taipei
206,jerome
207,trucking
208,jules
209,siding
210,diana
211,glamour
212,chicken
213,invasive
214,lawn
215,blue
216,privatization
217,newton
218,sailing
219,batman
220,transcripts
221,waterfall
222,blinds
223,fiddle
224,silica
225,oldham
226,carmel
227,skirts
228,chili
229,fringe
230,fountains
231,scheduling
232,norris
233,spain
234,specialized
235,jeanne
236,bazaar
237,seeds
238,romania
239,habit
240,croatia
241,eo
242,backpacking
243,savings
244,nigeria
245,ros
246,lakers
247,belgrade
248,comet
249,windshield
250,stew
251,forehead
252,cumbria
253,flag
254,shoulders
255,campground
256,premiership
257,costello
258,clemson
259,meals
260,yacht
261,chloe
262,forte
263,bouquets
264,condoms
265,snowy
266,crater
267,glass
268,adoption
269,commission
270,pensacola
271,hoodia
272,gowns
273,xiii
274,svalbard
275,vendors
276,rangers
277,silhouette
278,glitter
279,puerto
280,shakes
281,labrador
282,stressed
283,rockport
284,micronesia
285,elephant
286,programmes
287,bullock
288,flowers
289,trousers
290,connecticut
291,palm
292,visitation
293,lamb
294,gossip
295,headlights
296,hoodie
297,vectors
298,tiles
299,subwoofer
300,maori
301,generators
302,bolton
303,mandate
304,rabbit
305,elec
306,iu
307,florida
308,honda
309,couple
310,para
311,speedway
312,linens
313,pcm
314,heidi
315,poster
316,dvd
317,mercury
318,greenwood
319,cookies
320,podcasts
321,cake
322,installs
323,tunnels
324,spires
325,lilac
326,tires
327,eyewear
328,underoath
329,stroller
330,penguins
331,turin
332,embroidery
333,tattoos
334,finch
335,vows
336,handjobs
337,wolf
338,avec
339,futuna
340,coral
341,cleanup
342,metres
343,compactflash
344,worksheets
345,affirm
346,sweaters
347,norway
348,purse
349,carlsbad
350,india
351,fairbanks
352,canoeing
353,forte
354,rwanda
355,leopard
356,silica
357,irrigation
358,eggs
359,catherine
360,azerbaijan
361,spp
362,packers
363,vr
364,architectural
365,taps
366,wills
367,booksellers
368,determines
369,paintings
370,fisherman
371,casserole
372,headphone
373,scarf
374,foliage
375,washington
376,utilities
377,fields
378,packaging
379,uni
380,consoles
381,owl
382,ribbon
383,masks
384,encourages
385,christensen
386,offspring
387,clarendon
388,feminist
389,dyer
390,morrow
391,diner
392,affirm
393,eyewear
394,rabbi
395,eagle
396,metacritic
397,chaired
398,gym
399,nails
400,wand
401,bathroom
402,runway
403,provence
404,handjobs
405,burger
406,decorative
407,flower
408,afghanistan
409,solaris
410,boxes
411,saxon
412,ready
413,magician
414,knees
415,grass
416,nottinghamshire
417,graphite
418,badminton
419,buses
420,employed
421,malta
422,uber
423,rudolph
424,doll
425,removing
426,ordered
427,christi
428,zambia
429,filtered
430,direction
431,horseback
432,overview
433,cake
434,fonts
435,isles
436,gandhi
437,snow
438,blanks
439,rabbits
440,shakira
441,rugby
442,tibet
443,morse
444,apples
445,basketball
446,lantern
447,bicycle
448,gibbs
449,madonna
450,dealing
451,injured
452,keyboards
453,beams
454,uruguay
455,washington
456,alphabetically
457,theodore
458,barbie
459,clinics
460,shenzhen
461,logos
462,email
463,provinces
464,sacramento
465,buddhism
466,gardening
467,daisy
468,coat
469,roof
470,firefox
471,porsche
472,discounted
473,chemist
474,itk
475,giving
476,xa
477,godfather
478,railways
479,lake
480,scuba
481,snorkeling
482,aerospace
483,magistrate
484,fireworks
485,conway
486,inks
487,basketball
488,utc
489,hitchcock
490,boats
491,phenomenon
492,bread
493,guestbook
494,gender
495,jazz
496,alcoholic
497,lantern
498,net
499,mariah
500,horses
501,forestry
502,alamo
503,training
504,feathers
505,labrador
506,kittens
507,reputable
508,crow
509,boots
510,collar
511,beginners
512,draft
513,allied
514,performances
515,sleeves
516,horseback
517,finepix
518,arbor
519,marathon
520,bison
521,onboard
522,lendingtree
523,icelandic
524,dealership
525,reptiles
526,compass
527,nyc
528,misty
529,terrier
530,victorian
531,defenses
532,tree
533,mitsubishi
534,kylie
535,streamline
536,goa
537,dog
538,gsm
539,receivers
540,subwoofer
541,secretaries
542,swimming
543,stark
544,beige
545,attributed
546,politically
547,forum
548,turtles
549,clerks
550,bild
551,fungi
552,mirror
553,tractors
554,bonsai
555,alaskan
556,belts
557,burgess
558,picnic
559,destroy
560,cellar
561,kayaking
562,asses
563,fireplaces
564,cambodia
565,inspiron
566,cocktail
567,airplane
568,crack
569,burger
570,laptops
571,dashboard
572,malta
573,bloodhound
574,belgrade
575,embraced
576,cartoon
577,bibles
578,leipzig
579,aromatherapy
580,travis
581,document
582,stair
583,richter
584,medals
585,students
586,durban
587,balloon
588,kazaa
589,cabbage
590,america
591,shoppers
592,delhi
593,checklist
594,patrol
595,bottles
596,bugzilla
597,hilary
598,bakersfield
599,astronomy
600,cardboard
601,ignition
602,guestbook
603,rockport
604,bsd
605,trains
606,forest
607,kiev
608,purple
609,brandon
610,survive
611,doncaster
612,acne
613,royalty
614,rice
615,tummy
616,departures
617,apartment
618,campground
619,canoeing
620,quad
621,seether
622,floods
623,legislative
624,quarterback
625,lime
626,solar
627,dialog
628,clearwater
629,raspberry
630,vested
631,quot
632,pitching
633,skirts
634,soccer
635,balloons
636,hair
637,suffolk
638,waterfall
639,kit
640,alcoholic
641,stag
642,christensen
643,fourth
644,blanket
645,farmhouse
646,nyc
647,aging
648,wright
649,wavelength
650,sailing
651,seoul
652,embroidered
653,hereford
654,guestbook
655,lorenzo
656,shoes
657,composites
658,yen
659,presentations
660,chloe
661,equivalents
662,reduces
663,silver
664,epoxy
665,bulldogs
666,computed
667,jbl
668,marble
669,renewable
670,affirm
671,tiava
672,tractor
673,heart
674,van
675,basque
676,missionaries
677,navigational
678,laos
679,assortment
680,cabinets
681,chalk
682,festive
683,mustard
684,tree
685,canyon
686,mpi
687,lights
688,fountains
689,carole
690,homes
691,prolyte
692,radisson
693,madonna
694,souls
695,monkey
696,lanes
697,nk
698,sonyericsson
699,villages
700,apples
701,wheelchair
702,worry
703,istanbul
704,revocation
705,vauxhall
706,boxing
707,tomatoes
708,lavigne
709,filmmakers
710,coolers
711,athens
712,calf
713,continents
714,hat
715,porsche
716,childbirth
717,natl
718,telefonsex
719,pigeon
720,carole
721,helicopter
722,sandwiches
723,kiribati
724,pregnant
725,alamo
726,investigating
727,lotus
728,paris
729,smc
730,martini
731,discounts
732,trolley
733,secretariat
734,hands
735,sailing
736,ribbon
737,washington
738,bakery
739,mongolia
740,breastfeeding
741,monastery
742,footprint
743,pasadena
744,cygwin
745,kyrgyzstan
746,ornaments
747,botany
748,archaeological
749,robe
750,windshield
751,pineapple
752,tweed
753,toaster
754,mir
755,rove
756,tibet
757,clerks
758,grabbed
759,ropes
760,vii
761,whispered
762,sandbox
763,licensee
764,meats
765,winds
766,paris
767,teleflora
768,agriculture
769,globes
770,fudge
771,pets
772,woodward
773,vans
774,seek
775,railroad
776,herring
777,powder
778,butterfly
779,luton
780,oaks
781,monkeys
782,reynolds
783,prohibited
784,sandwiches
785,bibles
786,comics
787,shares
788,amino
789,sentence
790,gloves
791,acer
792,gown
793,singh
794,bloodhound
795,bild
796,replay
797,chicago
798,bbc
799,hooded
800,celine
801,climbing
802,clearwater
803,banff
804,alps
805,appleton
806,peru
807,soups
808,cornerstone
809,punt
810,slovenia
811,fuji
812,dove
813,graduates
814,flooring
815,tattoos
816,bangor
817,monkeys
818,closet
819,hitchcock
820,manicures
821,exporting
822,diana
823,workload
824,graffiti
825,cafeteria
826,sailing
827,fountains
828,grease
829,builder
830,bar
831,fishes
832,coffee
833,segregation
834,valentino
835,butte
836,bloglines
837,nz
838,refused
839,kissing
840,feather
841,cycling
842,nuggets
843,abandoned
844,fr
845,bathroom
846,bicycles
847,atkins
848,bedrooms
849,tiki
850,vatican
851,jedi
852,baton
853,aquarium
854,batman
855,potassium
856,laos
857,alcoholic
858,jeans
859,diane
860,wildlife
861,aaa
862,crowded
863,sassy
864,bbq
865,joel
866,volleyball
867,powershot
868,vendors
869,reynolds
870,yoga
871,tuscany
872,versace
873,champions
874,tractor
875,alaska
876,trek
877,archery
878,pile
879,seizure
880,dram
881,pope
882,viewsonic
883,larsen
884,downing
885,camaro
886,granite
887,breastfeeding
888,dozen
889,market
890,lips
891,coat
892,rosemary
893,allah
894,ngc
895,cabins
896,ludwig
897,competing
898,arabia
899,xemacs
900,architectures
901,guitar
902,hoodia
903,eyewear
904,bracelet
905,rugby
906,huskies
907,glacier
908,cherries
909,farming
910,baseball
911,roofing
912,yoga
913,rabbit
914,persian
915,hershey
916,siblings
917,fridge
918,bookshop
919,methodist
920,parcel
921,cobalt
922,hostels
923,lycos
924,galway
925,archery
926,london
927,volvo
928,feeder
929,jays
930,silky
931,benches
932,aims
933,acceleration
934,temples
935,neuroscience
936,klein
937,pd
938,antarctica
939,liam
940,cake
941,switchfoot
942,lion
943,horses
944,pregnant
945,kitchens
946,may
947,marching
948,funeral
949,gown
950,townhouse
951,ig
952,safari
953,facials
954,squirrel
955,shinedown
956,cockpit
957,ngc
958,southwestern
959,tackles
960,bollywood
961,concrete
962,joanna
963,paintings
964,camel
965,bali
966,tapestry
967,gallery
968,getty
969,yorker
970,buried
971,kauai
972,grandchildren
973,glacier
974,baseball
975,vector
976,wildcats
977,bathroom
978,bunny
979,rain
980,turkish
981,compactflash
982,aquarium
983,labelled
984,cow
985,cubic
986,bikini
987,namibia
988,posters
989,till
990,seneca
991,chili
992,attic
993,pumpkin
994,alley
995,engine
996,bottles
997,book
998,inks
999,barcelona
1000,offshore
1001,refinance
1002,emu
1003,rescue
1004,ice
1005,mayotte
1006,solder
1007,beds
1008,golfers
1009,rant
1010,cookbooks
1011,chinatown
1012,colors
1013,critiques
1014,elf
1015,loft
1016,sourcing
1017,velcro
1018,cave
1019,wildlife
1020,exhibited
1021,ussr
1022,caribbean
1023,preview
1024,rainbow
1025,alphabet
1026,compactflash
1027,rams
1028,batman
1029,tamil
1030,blackburn
1031,exhibitions
1032,chapel
1033,regency
1034,vermont
1035,stores
1036,flatbed
1037,apartments
1038,cdp
1039,rectangle
1040,footprint
1041,alphabet
1042,penguins
1043,lax
1044,crete
1045,dehydrogenase
1046,pigeon
1047,rugby
1048,laurence
1049,br
1050,cheese
1051,rpg
1052,dvd
1053,mmc
1054,xiii
1055,rams
1056,turbine
1057,educator
1058,cairns
1059,silica
1060,bournemouth
1061,elephants
1062,concession
1063,tobago
1064,signage
1065,lindsey
1066,butterfly
1067,clerk
1068,volkswagen
1069,anatomy
1070,skull
1071,handjobs
1072,rewrite
1073,waterfall
1074,orchid
1075,nikki
1076,thumbzilla
1077,pointers
1078,earrings
1079,packard
1080,injection
1081,cornerstone
1082,floods
1083,groundwater
1084,calendar
1085,pelican
1086,silica
1087,ibis
1088,closet
1089,cleanup
1090,ships
1091,vikings
1092,svalbard
1093,shirts
1094,beach
1095,stevie
1096,sofas
1097,shrubs
1098,stormwater
1099,pentax
1100,grandparents
1101,tournaments
1102,pillows
1103,shirt
1104,cher
1105,jerry
1106,grazing
1107,turkey
1108,ogden
1109,vines
1110,bar
1111,leaf
1112,vatican
1113,jaws
1114,moss
1115,animal
1116,grey
1117,investigators
1118,pointers
1119,clancy
1120,logos
1121,cote
1122,zoophilia
1123,lister
1124,sata
1125,bridging
1126,bj
1127,como
1128,suriname
1129,cats
1130,shapes
1131,reynolds
1132,strollers
1133,restriction
1134,feeders
1135,timber
1136,ru
1137,motels
1138,room
1139,fog
1140,tea
1141,vested
1142,forty
1143,nottinghamshire
1144,vines
1145,columns
1146,joplin
1147,bridal
1148,constrained
1149,roma
1150,patagonia
1151,bridge
1152,parking
1153,highway
1154,barker
1155,lace
1156,tacoma
1157,lumber
1158,musician
1159,unions
1160,chairs
1161,examining
1162,heels
1163,village
1164,emirates
1165,getty
1166,pillow
1167,epinions
1168,schoolgirl
1169,henry
1170,bookshop
1171,teddy
1172,bazaar
1173,transparent
1174,airsoft
1175,cfa
1176,trio
1177,casa
1178,prepaid
1179,indonesian
1180,darussalam
1181,migration
1182,arabian
1183,tulsa
1184,manhattan
1185,roses
1186,reid
1187,npr
1188,couple
1189,yellowstone
1190,corvette
1191,pilates
1192,stormwater
1193,finepix
1194,beijing
1195,ahead
1196,battles
1197,cricket
1198,fruits
1199,tournament
1200,walmart
1201,bottled
1202,cottages
1203,bangkok
1204,vermont
1205,arabs
1206,eb
1207,wicker
1208,livestock
1209,kitten
1210,shoppers
1211,ibis
1212,coloring
1213,aaa
1214,micronesia
1215,blade
1216,traced
1217,concert
1218,parents
1219,banner
1220,seafood
1221,thailand
1222,staind
1223,maxwell
1224,applegate
1225,trucks
1226,cable
1227,champions
1228,bw
1229,grandparents
1230,equatorial
1231,roots
1232,ampland
1233,green
1234,illusions
1235,croix
1236,profile
1237,westwood
1238,nightclub
1239,castle
1240,kitchens
1241,cookware
1242,listing
1243,weighing
1244,ukraine
1245,packard
1246,hoodia
1247,gown
1248,driveway
1249,roma
1250,acids
1251,fujitsu
1252,video
1253,bench
1254,emblem
1255,peter
1256,gloryhole
1257,parcels
1258,film
1259,tiki
1260,hal
1261,highbeam
1262,wimbledon
1263,owls
1264,prospects
1265,curb
1266,tv
1267,hershey
1268,liam
1269,scarf
1270,valentines
1271,paperbacks
1272,emergence
1273,resumes
1274,indymedia
1275,mpls
1276,casserole
1277,endangered
1278,mpi
1279,affirm
1280,birthdays
1281,swings
1282,tumors
1283,derbyshire
1284,cocks
1285,indianapolis
1286,cliffs
1287,tenerife
1288,bottles
1289,nov
1290,summit
1291,spindle
1292,preserving
1293,wagon
1294,clinton
1295,lax
1296,jumper
1297,dancers
1298,amusement
1299,sonata
1300,pediatric
1301,peugeot
1302,maine
1303,seats
1304,cigarette
1305,msnbc
1306,oceanic
1307,peacock
1308,otter
1309,argentina
1310,beanie
1311,johan
1312,dresses
1313,blackpool
1314,rugby
1315,training
1316,newfoundland
1317,migrate
1318,brothers
1319,fore
1320,transparent
1321,foundations
1322,exhibitions
1323,hearts
1324,croatia
1325,cruises
1326,oregon
1327,falcon
1328,revocation
1329,salem
1330,gpo
1331,hitch
1332,crossing
1333,trays
1334,polaroid
1335,neonatal
1336,overland
1337,slovakia
1338,collier
1339,dollars
1340,wedding
1341,musician
1342,laguna
1343,trains
1344,tennis
1345,inverness
1346,vineyards
1347,ventura
1348,cerevisiae
1349,farmhouse
1350,rugby
1351,lamborghini
1352,jealous
1353,rec
1354,fitzgerald
1355,barrels
1356,brussels
1357,dresser
1358,marcia
1359,yellowstone
1360,mcgraw
1361,daewoo
1362,gal
1363,outerwear
1364,baldwin
1365,mahogany
1366,hoodia
1367,palm
1368,audiobooks
1369,inflatable
1370,spacecraft
1371,jamaica
1372,prudent
1373,cartier
1374,cares
1375,tees
1376,museums
1377,net
1378,skis
1379,spinach
1380,roma
1381,sugababes
1382,galaxies
1383,pointing
1384,regiment
1385,tableware
1386,inmates
1387,woman
1388,equine
1389,masks
1390,indiana
1391,pork
1392,array
1393,airsoft
1394,turnover
1395,budapest
1396,brewery
1397,hypnosis
1398,loft
1399,alias
1400,bust
1401,bali
1402,pumps
1403,algae
1404,telescope
1405,clothes
1406,rice
1407,spurs
1408,bhutan
1409,whistler
1410,zeta
1411,foods
1412,retriever
1413,cottage
1414,walnut
1415,dryers
1416,backpacking
1417,agility
1418,coconut
1419,surf
1420,enclosures
1421,burberry
1422,statue
1423,watchdog
1424,steps
1425,olivia
1426,plaid
1427,monte
1428,turquoise
1429,elderly
1430,plates
1431,twiztid
1432,mason
1433,runner
1434,pasture
1435,leopard
1436,deutschland
1437,bicycles
1438,coordinating
1439,drying
1440,trim
1441,mags
1442,enlisted
1443,sub
1444,mummy
1445,dogs
1446,barbara
1447,cancun
1448,cafe
1449,nursing
1450,motorcycles
1451,wiltshire
1452,boats
1453,baccarat
1454,citizens
1455,villas
1456,nets
1457,miner
1458,wildlife
1459,madrid
1460,arose
1461,bouquets
1462,rice
1463,sunlight
1464,egyptian
1465,didrex
1466,backgammon
1467,recycling
1468,malaga
1469,scarves
1470,geisha
1471,braces
1472,athletes
1473,dubai
1474,alicante
1475,sunset
1476,nascar
1477,kosovo
1478,burbank
1479,casserole
1480,beer
1481,ultrasound
1482,melanie
1483,sacks
1484,philippines
1485,autumn
1486,paintings
1487,fountains
1488,dresses
1489,handsets
1490,patagonia
1491,bedroom
1492,ebay
1493,bugzilla
1494,heidelberg
1495,moroccan
1496,sauces
1497,cartoons
1498,abt
1499,academia
1500,insects
1501,jewelry
1502,swimsuit
1503,linens
1504,bear
1505,nolan
1506,retreats
1507,canterbury
1508,camel
1509,rg
1510,tees
1511,industrial
1512,playground
1513,arcade
1514,beneficiaries
1515,canoeing
1516,angeles
1517,september
1518,cobra
1519,makeup
1520,blueprint
1521,jojo
1522,propagation
1523,suits
1524,boats
1525,kiss
1526,fasteners
1527,drift
1528,shinedown
1529,plumbing
1530,butte
1531,pills
1532,sanchez
1533,academies
1534,hypotheses
1535,remain
1536,kissing
1537,bombers
1538,frozen
1539,golfers
1540,fence
1541,wallet
1542,ducks
1543,bookmarks
1544,christmas
1545,hansard
1546,rugby
1547,barn
1548,geophysical
1549,stacy
1550,firefighter
1551,downstream
1552,bottles
1553,republic
1554,meadow
1555,soleil
1556,oldsmobile
1557,shoulders
1558,baccarat
1559,oklahoma
1560,complimentary
1561,pauline
1562,marines
1563,hearts
1564,whale
1565,lace
1566,coffee
1567,genbank
1568,ramps
1569,furnished
1570,porch
1571,sweaters
1572,hugs
1573,vv
1574,heels
1575,mauritius
1576,brewery
1577,gloucester
1578,soundtracks
1579,hike
1580,nasa
1581,maroon
1582,female
1583,book
1584,graph
1585,golfers
1586,crochet
1587,yoga
1588,communicator
1589,husbands
1590,geology
1591,onboard
1592,gould
1593,amenities
1594,clark
1595,surfer
1596,wash
1597,autographs
1598,quebec
1599,inverness
1600,philippines
1601,wight
1602,acne
1603,cunt
1604,seafood
1605,lotus
1606,rockwell
1607,croix
1608,managers
1609,lighthouse
1610,putting
1611,glasgow
1612,kerala
1613,kelley
1614,reward
1615,bucket
1616,secretarial
1617,costello
1618,detained
1619,watch
1620,knoxville
1621,deer
1622,hardback
1623,gaza
1624,buddhism
1625,wilderness
1626,cumbria
1627,refused
1628,halloween
1629,susie
1630,tubing
1631,geisha
1632,knowles
1633,farmer
1634,roswell
1635,propane
1636,paterson
1637,spheres
1638,invites
1639,woodworking
1640,razr
1641,carriage
1642,batman
1643,jockey
1644,autos
1645,radial
1646,massage
1647,firefighter
1648,penn
1649,habitat
1650,premiership
1651,rainforest
1652,cheney
1653,avaya
1654,acl
1655,acre
1656,nielsen
1657,winds
1658,motorcycles
1659,leopard
1660,platforms
1661,vb
1662,atm
1663,nb
1664,gdp
1665,ig
1666,cookies
1667,pendants
1668,istanbul
1669,lavender
1670,pumpkin
1671,dice
1672,engraving
1673,teleflora
1674,kayak
1675,melbourne
1676,billions
1677,occupy
1678,carriage
1679,pennsylvania
1680,flea
1681,eleven
1682,diecast
1683,marcia
1684,figs
1685,fencing
1686,reese
1687,lingerie
1688,levitra
1689,pesos
1690,hand
1691,upskirt
1692,umbrella
1693,guitars
1694,benin
1695,hindu
1696,scarves
1697,shower
1698,kittens
1699,fishes
1700,spider
1701,gucci
1702,blackpool
1703,offices
1704,nationals
1705,heart
1706,bridges
1707,trousers
1708,weighs
1709,divided
1710,quilts
1711,question
1712,pastel
1713,closet
1714,buses
1715,shoppers
1716,activist
1717,social
1718,tiger
1719,opal
1720,retrieving
1721,huskies
1722,wimbledon
1723,crowded
1724,dresses
1725,roma
1726,purses
1727,nairobi
1728,cylinders
1729,infant
1730,marriages
1731,teams
1732,katy
1733,bears
1734,bild
1735,usc
1736,bananas
1737,thames
1738,vr
1739,trolley
1740,soups
1741,hertfordshire
1742,buried
1743,hearts
1744,uv
1745,minimal
1746,promoted
1747,volleyball
1748,conjunction
1749,garlic
1750,faucet
1751,monmouth
1752,hardware
1753,sydney
1754,bridges
1755,mountains
1756,trees
1757,vineyards
1758,clocks
1759,stripes
1760,cannes
1761,coats
1762,marriott
1763,owl
1764,siyabona
1765,flea
1766,southwestern
1767,cell
1768,candles
1769,negatively
1770,conversions
1771,renders
1772,rio
1773,earth
1774,landscaping
1775,violin
1776,inception
1777,skull
1778,basketball
1779,forte
1780,flagstaff
1781,kensington
1782,kayaking
1783,autocad
1784,scrapbooking
1785,protestant
1786,guitar
1787,rockies
1788,eur
1789,wigan
1790,cliffs
1791,osaka
1792,kerry
1793,sheep
1794,creativity
1795,xmas
1796,subsidy
1797,thehun
1798,murakami
1799,tehran
1800,buddhism
1801,elec
1802,gardener
1803,tablet
1804,roads
1805,forrester
1806,boxer
1807,cabinets
1808,albums
1809,quotations
1810,volunteers
1811,tea
1812,inventions
1813,hawkins
1814,victory
1815,jerseys
1816,bonsai
1817,dwight
1818,lincoln
1819,swansea
1820,trusted
1821,turin
1822,brides
1823,supporters
1824,suits
1825,headphones
1826,grey
1827,owls
1828,baylor
1829,medieval
1830,embryonic
1831,citrus
1832,hypnosis
1833,louisville
1834,warrant
1835,woodworking
1836,shipped
1837,jordan
1838,croatia
1839,mj
1840,bowling
1841,asheville
1842,movers
1843,mayotte
1844,endurance
1845,owens
1846,jacuzzi
1847,pregnant
1848,chess
1849,instructors
1850,autographs
1851,emerging
1852,ferries
1853,bottles
1854,swan
1855,bangbus
1856,baking
1857,masks
1858,clouds
1859,slovenian
1860,drums
1861,carriage
1862,bowling
1863,cycling
1864,inhabitants
1865,birthdays
1866,maroon
1867,barrel
1868,thoughtful
1869,knit
1870,gloves
1871,stephens
1872,knowles
1873,wills
1874,drink
1875,nixon
1876,vector
1877,pile
1878,kayaking
1879,vested
1880,blake
1881,anesthesia
1882,mankind
1883,halloween
1884,totaling
1885,callaway
1886,starch
1887,bali
1888,williamsburg
1889,evaluations
1890,vendors
1891,moroccan
1892,pile
1893,planting
1894,shoes
1895,displays
1896,ballroom
1897,joplin
1898,nottingham
1899,iron
1900,film
1901,closet
1902,picnic
1903,park
1904,arrays
1905,bonsai
1906,doors
1907,sweeney
1908,florists
1909,affairs
1910,laurie
1911,column
1912,mango
1913,honeymoon
1914,milf
1915,throwing
1916,harrisburg
1917,scarves
1918,establishments
1919,wheelchair
1920,knitting
1921,table
1922,deck
1923,owls
1924,scarborough
1925,frost
1926,earthquakes
1927,ornaments
1928,birds
1929,toast
1930,arabs
1931,crossroads
1932,albuquerque
1933,mirrors
1934,dubai
1935,edward
1936,mushrooms
1937,tutor
1938,belgrade
1939,penthouse
1940,invitations
1941,cows
1942,lesotho
1943,dynasty
1944,volt
1945,orchestra
1946,infant
1947,castles
1948,leopard
1949,fore
1950,strengthening
1951,litter
1952,adaptive
1953,barry
1954,umbrella
1955,romania
1956,marvin
1957,chiefs
1958,footwear
1959,initials
1960,spiderman
1961,woes
1962,gorilla
1963,boating
1964,popcorn
1965,airborne
1966,mozambique
1967,dotted
1968,toss
1969,powerpoint
1970,northwest
1971,champagne
1972,decorations
1973,brighton
1974,pinch
1975,bulldog
1976,classicvacations
1977,treasury
1978,automobiles
1979,tank
1980,servicing
1981,driveway
1982,foods
1983,dress
1984,fountain
1985,collier
1986,myrtle
1987,farmer
1988,bali
1989,whistler
1990,docking
1991,managers
1992,ring
1993,autumn
1994,stripes
1995,filipino
1996,bethlehem
1997,nunavut
1998,leopard
1999,preschool
2000,graves
2001,dresser
2002,promoting
2003,cumbria
2004,brewers
2005,sectional
2006,seating
2007,sweatshirts
2008,truths
2009,hockey
2010,banners
2011,sheep
2012,vector
2013,whistler
2014,ferry
2015,jabber
2016,cards
2017,continents
2018,vincent
2019,shine
2020,ammo
2021,puppy
2022,offshore
2023,swingers
2024,arctic
2025,expeditions
2026,engraved
2027,breeding
2028,supra
2029,actresses
2030,lilac
2031,deskjet
2032,inn
2033,parsing
2034,attic
2035,frontgate
2036,church
2037,talented
2038,kitten
2039,cowboy
2040,guitar
2041,tulip
2042,battles
2043,affirm
2044,vast
2045,sennheiser
2046,bricks
2047,managers
2048,ribbon
2049,dams
2050,crate
2051,lynx
2052,sphere
2053,tubing
2054,bridge
2055,chef
2056,vermont
2057,ecosystem
2058,televisions
2059,agri
2060,carole
2061,magnolia
2062,cheyenne
2063,flower
2064,kittens
2065,meridia
2066,combines
2067,airplane
2068,zion
2069,hitch
2070,therapies
2071,honduras
2072,tasmania
2073,wheeled
2074,fob
2075,partnering
2076,manhattan
2077,basque
2078,three
2079,labrador
2080,driving
2081,chef
2082,palms
2083,spells
2084,golfing
2085,lobster
2086,maltese
2087,emma
2088,squid
2089,joplin
2090,stroll
2091,silk
2092,tomatoes
2093,sofas
2094,connecticut
2095,backs
2096,apartment
2097,musicals
2098,punch
2099,rabbits
2100,administrators
2101,wyoming
2102,beef
2103,thong
2104,adhesives
2105,m
2106,silva
2107,guinness
2108,northwest
2109,carmel
2110,buildings
2111,gasoline
2112,driving
2113,metric
2114,bike
2115,olivier
2116,engraved
2117,quarry
2118,blanket
2119,sofas
2120,wedding
2121,approves
2122,umbrella
2123,elephant
2124,wheat
2125,nel
2126,panda
2127,sitemap
2128,teenagers
2129,wing
2130,chrome
2131,stains
2132,underoath
2133,swinging
2134,rudolph
2135,supervisors
2136,bullock
2137,logitech
2138,decorations
2139,denim
2140,flooding
2141,rome
2142,saxon
2143,tvs
2144,colombian
2145,inter
2146,chef
2147,acne
2148,rpg
2149,knitting
2150,catherine
2151,irish
2152,dividing
2153,dior
2154,photographs
2155,farms
2156,downhill
2157,aa
2158,commissions
2159,physics
2160,cottages
2161,sculptures
2162,upskirts
2163,penalties
2164,planners
2165,christensen
2166,sunset
2167,trophy
2168,bradford
2169,wordpress
2170,facials
2171,tyrosine
2172,docket
2173,tourist
2174,strollers
2175,rotterdam
2176,lamb
2177,authored
2178,cage
2179,crane
2180,infant
2181,annex
2182,swinging
2183,skeletal
2184,elk
2185,mortgage
2186,train
2187,duck
2188,wildlife
2189,movie
2190,pitbull
2191,granny
2192,miquelon
2193,malta
2194,oregon
2195,july
2196,ordinator
2197,nursery
2198,formulas
2199,throttle
2200,sunflower
2201,capri
2202,santiago
2203,white
2204,tahoe
2205,fathers
2206,jenny
2207,belize
2208,secondary
2209,greenland
2210,ten
2211,thehun
2212,cocos
2213,kerala
2214,apples
2215,necklace
2216,breakfasts
2217,airport
2218,forthcoming
2219,shook
2220,fiji
2221,terre
2222,triathlon
2223,vested
2224,cliffs
2225,premiere
2226,attention
2227,elec
2228,bunny
2229,grapes
2230,thigh
2231,airline
2232,plaques
2233,kitten
2234,baseball
2235,ranges
2236,golf
2237,didrex
2238,abbreviations
2239,basel
2240,jeanne
2241,eye
2242,columbia
2243,sizing
2244,librarians
2245,baccarat
2246,youth
2247,liability
2248,gun
2249,running
2250,founders
2251,market
2252,cookbook
2253,plugins
2254,chair
2255,rice
2256,barn
2257,vatican
2258,apples
2259,pittsburgh
2260,bowl
2261,foremost
2262,grilled
2263,nightlife
2264,htdocs
2265,invitations
2266,beirut
2267,beavers
2268,asleep
2269,girls
2270,george
2271,iceland
2272,lumpur
2273,denim
2274,santiago
2275,tick
2276,croatia
2277,automobiles
2278,exhibitors
2279,granada
2280,truck
2281,titten
2282,denying
2283,envelopes
2284,skiing
2285,mortgages
2286,populations
2287,camper
2288,sausage
2289,mammoth
2290,it
2291,spiderman
2292,cello
2293,stamford
2294,wolf
2295,ferries
2296,marine
2297,drummer
2298,kara
2299,scooters
2300,cursor
2301,oaks
2302,mediawiki
2303,placebo
2304,barton
2305,putting
2306,trivium
2307,eggs
2308,denim
2309,fielding
2310,social
2311,loft
2312,bild
2313,tackling
2314,harrisburg
2315,leicestershire
2316,prolyte
2317,chicken
2318,window
2319,lighthouse
2320,acre
2321,galaxies
2322,serum
2323,hanoi
2324,balloons
2325,speeches
2326,glacier
2327,antitrust
2328,atp
2329,passenger
2330,buchanan
2331,nsw
2332,duke
2333,speeches
2334,athens
2335,mailman
2336,argentina
2337,siding
2338,mold
2339,monkey
2340,flying
2341,cpl
2342,garmin
2343,pcm
2344,footwear
2345,shakira
2346,gloves
2347,flamingo
2348,johannesburg
2349,croatia
2350,clouds
2351,winds
2352,homelessness
2353,batman
2354,calories
2355,elephants
2356,carers
2357,lyons
2358,comm
2359,pencils
2360,camcorders
2361,guernsey
2362,apparatus
2363,scheduler
2364,anderson
2365,mountains
2366,pastel
2367,carrots
2368,figurines
2369,crops
2370,terrier
2371,dinosaurs
2372,roswell
2373,colours
2374,northamptonshire
2375,labrador
2376,confederate
2377,tyr
2378,carol
2379,toronto
2380,emu
2381,cashiers
2382,placebo
2383,refused
2384,penthouse
2385,burgundy
2386,raiders
2387,bedfordshire
2388,cookbooks
2389,yosemite
2390,hanger
2391,trekking
2392,mercury
2393,sticker
2394,ibis
2395,cbs
2396,msnbc
2397,ritz
2398,mare
2399,reeves
2400,conservation
2401,placebo
2402,nascar
2403,jackson
2404,fetch
2405,families
2406,graphite
2407,aruba
2408,singapore
2409,teeth
2410,maui
2411,nebraska
2412,hotspots
2413,milk
2414,grandchildren
2415,eb
2416,directing
2417,fires
2418,bikes
2419,butterflies
2420,beds
2421,bowl
2422,mla
2423,cookbooks
2424,stools
2425,programmes
2426,crow
2427,book
2428,rain
2429,fireplaces
2430,film
2431,panthers
2432,crashes
2433,cycling
2434,sears
2435,blake
2436,surfer
2437,halloween
2438,minnesota
2439,mexico
2440,northamptonshire
2441,balloons
2442,hole
2443,thumbnail
2444,wondered
2445,manicures
2446,housewife
2447,fife
2448,serious
2449,chattanooga
2450,runway
2451,locus
2452,hawaiian
2453,transformation
2454,ubc
2455,bridges
2456,leipzig
2457,collagen
2458,vaio
2459,mud
2460,tomatoes
2461,gordon
2462,quarterback
2463,monroe
2464,rotterdam
2465,eye
2466,secretarial
2467,autographs
2468,aruba
2469,palette
2470,baseball
2471,reyes
2472,cow
2473,social
2474,callaway
2475,bridge
2476,lungs
2477,tides
2478,thunderbird
2479,responsibilities
2480,butterflies
2481,demux
2482,saxon
2483,swinging
2484,sandwiches
2485,versace
2486,ladders
2487,orlando
2488,inline
2489,apc
2490,shed
2491,morocco
2492,preserves
2493,aircraft
2494,bicycles
2495,chairs
2496,ultraviolet
2497,chairs
2498,worcestershire
2499,florist
2500,buds
2501,desk
2502,buckingham
2503,exports
2504,rice
2505,knot
2506,lithium
2507,gzip
2508,bucket
2509,armenia
2510,celtic
2511,tokyo
2512,veronica
2513,authorisation
2514,tyne
2515,coffee
2516,draft
2517,supernatural
2518,door
2519,infant
2520,york
2521,lake
2522,gardening
2523,butterflies
2524,boxing
2525,pottery
2526,desks
2527,jakarta
2528,hvac
2529,freddie
2530,peanuts
2531,limerick
2532,plates
2533,radios
2534,triathlon
2535,lolitas
2536,luton
2537,kirk
2538,mandrake
2539,closeout
2540,equine
2541,laying
2542,cannes
2543,halifax
2544,kyle
2545,undergraduates
2546,tents
2547,densities
2548,lavigne
2549,glassware
2550,denise
2551,desserts
2552,cone
2553,whistler
2554,patio
2555,demonstrations
2556,peppers
2557,grenadines
2558,nvidia
2559,bodybuilding
2560,northamptonshire
2561,laptops
2562,matched
2563,graph
2564,inaugural
2565,fires
2566,markers
2567,beige
2568,barriers
2569,uv
2570,puma
2571,eleven
2572,freshmen
2573,desks
2574,tomcat
2575,legislature
2576,sofas
2577,sicily
2578,malay
2579,canoeing
2580,maltese
2581,topaz
2582,sinatra
2583,honolulu
2584,fruits
2585,napa
2586,birds
2587,prohibition
2588,tasting
2589,austrian
2590,gentoo
2591,retriever
2592,grooming
2593,bin
2594,garrison
2595,fedora
2596,crane
2597,rockets
2598,cruelty
2599,sake
2600,lilies
2601,venice
2602,curling
2603,scrapbook
2604,clouds
2605,rabbi
2606,cups
2607,creamy
2608,chord
2609,silver
2610,poultry
2611,ashanti
2612,eo
2613,bentley
2614,renders
2615,heathrow
2616,tackling
2617,tent
2618,buildings
2619,demolition
2620,missouri
2621,prescott
2622,alley
2623,alpine
2624,christchurch
2625,chennai
2626,twiztid
2627,engineers
2628,prague
2629,malaga
2630,trail
2631,booksellers
2632,pins
2633,acre
2634,weddings
2635,tyson
2636,canoeing
2637,hanoi
2638,turkey
2639,plastics
2640,marathon
2641,wildlife
2642,fedex
2643,scarf
2644,pine
2645,powerpoint
2646,olive
2647,telescope
2648,plastics
2649,petrol
2650,beers
2651,converse
2652,snowy
2653,sydney
2654,chapel
2655,regency
2656,rhino
2657,snakes
2658,moms
2659,butterfly
2660,rumsfeld
2661,emoticons
2662,fairbanks
2663,upskirt
2664,faucets
2665,horticulture
2666,swings
2667,paterson
2668,nrs
2669,sea
2670,polaroid
2671,hats
2672,anticipation
2673,svalbard
2674,vacation
2675,herring
2676,quarters
2677,travelodge
2678,jj
2679,seated
2680,madrid
2681,sb
2682,flamingo
2683,sonoma
2684,premiere
2685,barber
2686,fisheries
2687,afghanistan
2688,raiders
2689,maple
2690,selling
2691,hamlet
2692,shrine
2693,benin
2694,barnes
2695,swift
2696,orb
2697,seminary
2698,barbie
2699,snowmobile
2700,kite
2701,gates
2702,ordination
2703,hectares
2704,elevator
2705,ford
2706,pile
2707,tree
2708,laundry
2709,eye
2710,yen
2711,skateboard
2712,gardening
2713,garrison
2714,villa
2715,trays
2716,xnxx
2717,astrophysics
2718,nottinghamshire
2719,cup
2720,foliage
2721,clubhouse
2722,scarf
2723,pencil
2724,stroller
2725,gorilla
2726,abstracts
2727,chickens
2728,renee
2729,matches
2730,footwear
2731,cake
2732,jeep
2733,deskjet
2734,moroccan
2735,erie
2736,midway
2737,semiconductor
2738,bridges
2739,vines
2740,shakira
2741,upskirts
2742,depot
2743,swimwear
2744,driving
2745,belize
2746,northamptonshire
2747,append
2748,dallas
2749,clock
2750,motorcycle
2751,belarus
2752,lea
2753,proactive
2754,cummings
2755,hearted
2756,arguments
2757,chef
2758,rug
2759,wildlife
2760,bridges
2761,shirt
2762,razor
2763,distress
2764,continuous
2765,loch
2766,underwater
2767,moderation
2768,stocking
2769,clifford
2770,undermine
2771,mother
2772,nsu
2773,boots
2774,composers
2775,scarf
2776,believing
2777,specialized
2778,frog
2779,coastline
2780,buckingham
2781,nipple
2782,educational
2783,bouquets
2784,hl
2785,riviera
2786,spans
2787,waltham
2788,trumpet
2789,fedora
2790,kite
2791,lohan
2792,red
2793,wildlife
2794,directing
2795,cleanup
2796,gratuit
2797,deferred
2798,rifles
2799,loft
2800,trekking
2801,tivoli
2802,woes
2803,paris
2804,wilcox
2805,cowboys
2806,bitpipe
2807,xnxx
2808,celine
2809,warehouses
2810,conducting
2811,box
2812,nascar
2813,hep
2814,maine
2815,dogs
2816,pastel
2817,guernsey
2818,gown
2819,running
2820,yves
2821,lightbox
2822,robotic
2823,unread
2824,gamefaqs
2825,barcelona
2826,leopard
2827,suspicion
2828,metric
2829,lolita
2830,sun
2831,marcia
2832,cake
2833,dickinson
2834,salary
2835,paperbacks
2836,bloodhound
2837,stockholm
2838,stretches
2839,staffordshire
2840,getty
2841,infant
2842,pinkworld
2843,door
2844,sewing
2845,apartment
2846,lennon
2847,hummer
2848,sweaters
2849,thehun
2850,defence
2851,dinosaur
2852,twiki
2853,tree
2854,samurai
2855,coupe
2856,furnishing
2857,apron
2858,spiderman
2859,compton
2860,friedrich
2861,solar
2862,revocation
2863,charges
2864,pinball
2865,andrea
2866,beach
2867,nyse
2868,cinemas
2869,miami
2870,peru
2871,gin
2872,carpets
2873,pig
2874,calculators
2875,tort
2876,taxis
2877,mfc
2878,portfolio
2879,silica
2880,fittings
2881,homeowner
2882,pilates
2883,foil
2884,showroom
2885,grandchildren
2886,guitarist
2887,liar
2888,ocean
2889,hearts
2890,cake
2891,salmon
2892,zebra
2893,wooden
2894,sixty
2895,rays
2896,siberian
2897,phuket
2898,shipment
2899,football
2900,recherche
2901,builders
2902,labelled
2903,sailing
2904,months
2905,pcg
2906,icelandic
2907,batman
2908,organizer
2909,thinks
2910,toast
2911,verisign
2912,tractor
2913,trekking
2914,lj
2915,lima
2916,washington
2917,beyonce
2918,pic
2919,flag
2920,rowing
2921,inks
2922,rice
2923,avatar
2924,saddle
2925,bye
2926,waltham
2927,hostage
2928,greeted
2929,imp
2930,wildlife
2931,maternal
2932,cumshot
2933,guernsey
2934,circular
2935,thumbzilla
2936,rebates
2937,spencer
2938,dice
2939,elephants
2940,galactic
2941,billie
2942,dogs
2943,nightclub
2944,kiribati
2945,timber
2946,outfit
2947,modest
2948,maintains
2949,alibris
2950,balm
2951,drift
2952,stewardship
2953,upskirt
2954,nfl
2955,abs
2956,grandparents
2957,twain
2958,egyptian
2959,oakley
2960,chattanooga
2961,stars
2962,bangladesh
2963,tiles
2964,pursue
2965,il
2966,amino
2967,godsmack
2968,prohibited
2969,flowers
2970,cary
2971,medals
2972,social
2973,petrol
2974,queens
2975,autographs
2976,sergio
2977,crane
2978,handcrafted
2979,harvested
2980,rye
2981,directional
2982,banff
2983,bathroom
2984,oclc
2985,bridal
2986,vantage
2987,walks
2988,blanc
2989,packard
2990,villas
2991,dodgers
2992,concert
2993,morse
2994,fourteen
2995,xnxx
2996,facials
2997,crafts
2998,cliffs
2999,graduated
3000,easter
3001,jeanne
3002,wales
3003,applegate
3004,harry
3005,skull
3006,uganda
3007,garland
3008,sunflower
3009,ibn
3010,integers
3011,telescopes
3012,lc
3013,museums
3014,london
3015,baseball
3016,stefani
3017,volleyball
3018,pepper
3019,niue
3020,reservoir
3021,unions
3022,india
3023,museums
3024,leather
3025,hastings
3026,burgundy
3027,verde
3028,washington
3029,richter
3030,sweaters
3031,goa
3032,mayotte
3033,rodney
3034,asheville
3035,ast
3036,squirrel
3037,lisbon
3038,branson
3039,edgar
3040,vector
3041,ponds
3042,treat
3043,photography
3044,boat
3045,symposium
3046,peptides
3047,barbie
3048,harrington
3049,albuquerque
3050,sheep
3051,mass
3052,invention
3053,social
3054,award
3055,lasts
3056,attic
3057,pentax
3058,shelves
3059,sweaters
3060,calling
3061,habit
3062,gif
3063,underwater
3064,cows
3065,calculators
3066,affirm
3067,rican
3068,ireland
3069,orchid
3070,bei
3071,hatchback
3072,nationwide
3073,armored
3074,bungalow
3075,committee
3076,ukraine
3077,sweeney
3078,pottery
3079,blair
3080,tickling
3081,shoppers
3082,containers
3083,feathers
3084,encarta
3085,seoul
3086,trivium
3087,pantyhose
3088,nano
3089,stools
3090,golfing
3091,thresholds
3092,porch
3093,octet
3094,pile
3095,cymru
3096,mpls
3097,commissioning
3098,statutes
3099,grab
3100,npr
3101,logos
3102,monsters
3103,townhouse
3104,breastfeeding
3105,swings
3106,pradesh
3107,tomcat
3108,billie
3109,watched
3110,singing
3111,waco
3112,vegetables
3113,overhaul
3114,lettering
3115,balloons
3116,gibson
3117,teleflora
3118,horseback
3119,venice
3120,bangladesh
3121,dotted
3122,doors
3123,horseback
3124,cows
3125,compost
3126,slovenia
3127,snorkeling
3128,tackling
3129,tomatoes
3130,bubble
3131,smiles
3132,sling
3133,duck
3134,mustard
3135,slug
3136,stickers
3137,tuscany
3138,buckingham
3139,bangbus
3140,karaoke
3141,elected
3142,toulouse
3143,nhl
3144,stopping
3145,basel
3146,eagle
3147,twentieth
3148,classicvacations
3149,om
3150,tile
3151,upholstery
3152,flamingo
3153,singapore
3154,proposing
3155,concert
3156,auburn
3157,seattle
3158,wicker
3159,cracks
3160,cake
3161,vatican
3162,vineyards
3163,beard
3164,builder
3165,farmhouse
3166,loader
3167,reebok
3168,film
3169,haitian
3170,window
3171,neptune
3172,tandem
3173,gorge
3174,malaga
3175,rain
3176,sucking
3177,prohibition
3178,fashioned
3179,recreation
3180,cookbooks
3181,runners
3182,auditorium
3183,ventura
3184,cookies
3185,jewellery
3186,superman
3187,zurich
3188,tractors
3189,gym
3190,outback
3191,barrie
3192,hk
3193,tutorial
3194,waves
3195,dashboard
3196,orange
3197,massachusetts
3198,bookshelf
3199,flooring
3200,pavilion
3201,filipino
3202,chocolates
3203,plantation
3204,clic
3205,damon
3206,outline
3207,cottages
3208,dancer
3209,vs
3210,oriental
3211,samson
3212,faqfaq
3213,aj
3214,milano
3215,yachts
3216,firefox
3217,farmer
3218,motels
3219,paddy
3220,clocks
3221,expire
3222,environment
3223,whistler
3224,chester
3225,loft
3226,crochet
3227,grace
3228,bamboo
3229,vendor
3230,velvet
3231,handbag
3232,bouquets
3233,pizza
3234,salons
3235,shanghai
3236,queen
3237,coaches
3238,guestbook
3239,fishes
3240,quilting
3241,pizza
3242,barber
3243,northumberland
3244,silica
3245,kaplan
3246,shelters
3247,softball
3248,attributed
3249,griffith
3250,nascar
3251,mcgregor
3252,column
3253,rabbits
3254,visited
3255,armenia
3256,kylie
3257,camcorder
3258,paintings
3259,nvidia
3260,chili
3261,msn
3262,munich
3263,elec
3264,rails
3265,santana
3266,cr
3267,duplex
3268,coaching
3269,comstock
3270,cookies
3271,magazines
3272,whirlpool
3273,salon
3274,washington
3275,royals
3276,demonstrations
3277,cars
3278,vatican
3279,cctv
3280,skull
3281,enfield
3282,staten
3283,outright
3284,bubbles
3285,wings
3286,saab
3287,handwriting
3288,paperback
3289,kirsten
3290,tile
3291,brick
3292,wheelchair
3293,vanilla
3294,decal
3295,ghosts
3296,abstraction
3297,benedict
3298,eliza
3299,sgd
3300,trail
3301,rustic
3302,homeowner
3303,yves
3304,necklaces
3305,tree
3306,restaurants
3307,insects
3308,stalls
3309,diagnosis
3310,extensions
3311,wavelength
3312,olive
3313,trays
3314,pcm
3315,george
3316,leds
3317,suriname
3318,beach
3319,cricket
3320,mauritius
3321,stem
3322,subsequently
3323,bouquets
3324,celine
3325,tend
3326,teal
3327,westlife
3328,alloy
3329,bronze
3330,canyon
3331,focuses
3332,splits
3333,basketball
3334,oregon
3335,flickr
3336,bathroom
3337,algeria
3338,shellfish
3339,bud
3340,air
3341,packard
3342,maxi
3343,tajikistan
3344,quilts
3345,buffet
3346,plenary
3347,seals
3348,rhino
3349,malta
3350,emu
3351,chalet
3352,malaga
3353,surfer
3354,commercials
3355,spotlight
3356,saxon
3357,mexican
3358,explosion
3359,cameroon
3360,charlottesville
3361,greece
3362,track
3363,outback
3364,racer
3365,galore
3366,blur
3367,grass
3368,csi
3369,meg
3370,constructing
3371,estates
3372,jfk
3373,cashmere
3374,jeans
3375,xnxx
3376,kiev
3377,sofa
3378,shark
3379,hewitt
3380,dolphins
3381,lizard
3382,downhill
3383,addressed
3384,cheshire
3385,company
3386,franchise
3387,adipex
3388,terrier
3389,aruba
3390,servicemagic
3391,ambulance
3392,ravens
3393,emirates
3394,snowboard
3395,guernsey
3396,sugababes
3397,fisherman
3398,hanson
3399,pin
3400,beavers
3401,westerns
3402,dsp
3403,derbyshire
3404,roger
3405,easter
3406,cement
3407,aries
3408,pineapple
3409,vases
3410,plugs
3411,premiere
3412,kite
3413,tribal
3414,bedroom
3415,grandchildren
3416,gauges
3417,tj
3418,hercules
3419,coordinates
3420,equine
3421,market
3422,mcguire
3423,sisters
3424,chennai
3425,tub
3426,goose
3427,alamo
3428,hatchback
3429,sol
3430,literature
3431,futuna
3432,netherlands
3433,dion
3434,slr
3435,drunken
3436,skating
3437,flower
3438,steelers
3439,vendors
3440,outback
3441,butterfly
3442,sedona
3443,samsung
3444,banner
3445,amelia
3446,miquelon
3447,squid
3448,continents
3449,orbit
3450,cocoa
3451,coins
3452,closet
3453,nicaragua
3454,pearls
3455,geometry
3456,porsche
3457,tv
3458,watering
3459,reese
3460,qatar
3461,horsepower
3462,nl
3463,amos
3464,lighthouse
3465,frogs
3466,affirm
3467,icelandic
3468,tattoo
3469,softball
3470,belarus
3471,homeowner
3472,birds
3473,exhibitions
3474,fountain
3475,linn
3476,bridging
3477,cake
3478,firewire
3479,boats
3480,developer
3481,umbrella
3482,malta
3483,painters
3484,font
3485,gamespot
3486,kiribati
3487,baptist
3488,atlantic
3489,bats
3490,reptiles
3491,snow
3492,horses
3493,carers
3494,rocks
3495,clipart
3496,bottles
3497,ubc
3498,seeds
3499,motorcycle
3500,airports
3501,beanie
3502,drying
3503,getty
3504,attributed
3505,vin
3506,guarantees
3507,ths
3508,wwii
3509,bald
3510,darts
3511,ferdinand
3512,alan
3513,payload
3514,vaio
3515,wrench
3516,timberland
3517,worldsex
3518,moon
3519,albuquerque
3520,nunavut
3521,temperatures
3522,chip
3523,affirm
3524,violin
3525,sauna
3526,cancun
3527,couture
3528,snowboarding
3529,celebrating
3530,balloons
3531,psu
3532,mayer
3533,palestine
3534,portsmouth
3535,soils
3536,tenerife
3537,grandparents
3538,lyon
3539,yoga
3540,jackie
3541,racing
3542,thornton
3543,oakland
3544,experiences
3545,bollywood
3546,pittsburgh
3547,tiny
3548,stark
3549,iron
3550,wolverhampton
3551,flirt
3552,librarian
3553,cooperation
3554,bakery
3555,fountain
3556,buddhism
3557,gamefaqs
3558,cabinets
3559,tennis
3560,evansville
3561,bild
3562,buses
3563,romans
3564,amsterdam
3565,socks
3566,flaming
3567,tata
3568,tuscany
3569,secretarial
3570,phosphate
3571,pile
3572,cushions
3573,zus
3574,tivoli
3575,fishes
3576,emergence
3577,gallery
3578,prohibits
3579,newspapers
3580,aj
3581,tent
3582,nike
3583,crochet
3584,classicvacations
3585,fog
3586,decorating
3587,svalbard
3588,metals
3589,parrot
3590,bag
3591,environmental
3592,seven
3593,iceland
3594,nonprofit
3595,trekking
3596,saints
3597,chaired
3598,airline
3599,runway
3600,pillars
3601,fireworks
3602,laughter
3603,pile
3604,jewellery
3605,hockey
3606,spirituality
3607,voting
3608,kayaking
3609,deaths
3610,leap
3611,tea
3612,judd
3613,rotterdam
3614,moroccan
3615,cardinals
3616,kyoto
3617,gsm
3618,brussels
3619,surfer
3620,boating
3621,kosovo
3622,washington
3623,buchanan
3624,cac
3625,correctional
3626,tenerife
3627,suriname
3628,bear
3629,bamboo
3630,periods
3631,beethoven
3632,camping
3633,indians
3634,hurley
3635,prada
3636,warsaw
3637,bed
3638,hardwood
3639,workgroup
3640,pint
3641,farm
3642,premiere
3643,cafes
3644,floral
3645,pointers
3646,epinions
3647,fluids
3648,leds
3649,united
3650,fireplace
3651,laughed
3652,cutlery
3653,mgmt
3654,polaroid
3655,milano
3656,adhesion
3657,greenwich
3658,kelley
3659,dogs
3660,sahara
3661,chocolates
3662,hugs
3663,catalogs
3664,hare
3665,brides
3666,resting
3667,afc
3668,boxer
3669,bmw
3670,curly
3671,harp
3672,underwater
3673,nwt
3674,boxing
3675,lobby
3676,arxiv
3677,horse
3678,midget
3679,measure
3680,floral
3681,bollywood
3682,holes
3683,lynne
3684,tahiti
3685,rosen
3686,batter
3687,ramsey
3688,ducks
3689,brooklyn
3690,staind
3691,biscuits
3692,citrus
3693,arabidopsis
3694,amarillo
3695,robe
3696,inspector
3697,laptops
3698,coldplay
3699,surround
3700,competitiveness
3701,priest
3702,gown
3703,bathroom
3704,sporting
3705,thence
3706,transistor
3707,sincerely
3708,ferries
3709,airline
3710,industries
3711,servicing
3712,seattle
3713,spring
3714,pattern
3715,malone
3716,applause
3717,trousers
3718,indianapolis
3719,strapon
3720,retrieving
3721,cns
3722,hilary
3723,nimh
3724,thehun
3725,pattern
3726,landscape
3727,nets
3728,mechanic
3729,nottinghamshire
3730,spherical
3731,singing
3732,polar
3733,furious
3734,hg
3735,pigeon
3736,responsive
3737,putin
3738,anatomy
3739,farmhouse
3740,qualities
3741,swings
3742,trains
3743,tie
3744,westminster
3745,tamil
3746,fargo
3747,domestic
3748,coach
3749,anesthesia
3750,tend
3751,buses
3752,municipal
3753,liverpool
3754,strawberry
3755,statue
3756,marble
3757,southampton
3758,equine
3759,teleflora
3760,soccer
3761,outfit
3762,buildings
3763,draper
3764,impacted
3765,turbine
3766,thumbzilla
3767,equine
3768,architectures
3769,sterling
3770,socks
3771,snorkeling
3772,room
3773,inlet
3774,stone
3775,speeches
3776,annapolis
3777,card
3778,operators
3779,fan
3780,acre
3781,stuttgart
3782,sk
3783,paths
3784,oman
3785,laptops
3786,christchurch
3787,iraqi
3788,bear
3789,backyard
3790,encourage
3791,safaris
3792,tenerife
3793,arctic
3794,baseball
3795,bremen
3796,bath
3797,yellowstone
3798,cookies
3799,osaka
3800,smilies
3801,brides
3802,vested
3803,keeling
3804,relays
3805,camel
3806,lopez
3807,taxes
3808,advent
3809,yellow
3810,telephony
3811,portsmouth
3812,ireland
3813,annapolis
3814,invitations
3815,passport
3816,affirm
3817,castle
3818,cars
3819,yugoslavia
3820,puts
3821,cleanup
3822,retailers
3823,desk
3824,waltham
3825,kerala
3826,acronym
3827,gown
3828,chennai
3829,pedestrian
3830,fielding
3831,spi
3832,massage
3833,kayak
3834,black
3835,acupuncture
3836,splinter
3837,worldcat
3838,saratoga
3839,wales
3840,hopper
3841,health
3842,msi
3843,tennis
3844,reproductive
3845,earrings
3846,rake
3847,permitted
3848,tokelau
3849,stockings
3850,cannes
3851,geoffrey
3852,coconut
3853,burma
3854,rolls
3855,blooms
3856,tenders
3857,turkmenistan
3858,musicals
3859,zurich
3860,istanbul
3861,netherlands
3862,burners
3863,families
3864,weymouth
3865,budapest
3866,french
3867,natal
3868,pile
3869,phenomenon
3870,door
3871,missouri
3872,pensacola
3873,grease
3874,commissioning
3875,pumps
3876,balloons
3877,uploading
3878,skating
3879,lycos
3880,olympics
3881,denim
3882,marriott
3883,cake
3884,coastline
3885,portuguese
3886,apartment
3887,petrol
3888,monkeys
3889,colored
3890,wedding
3891,affirm
3892,protests
3893,teleflora
3894,postgraduate
3895,kitten
3896,overall
3897,fireplace
3898,slopes
3899,batting
3900,audiobooks
3901,fielding
3902,welsh
3903,leds
3904,harlem
3905,watched
3906,nature
3907,families
3908,blondes
3909,iu
3910,tokelau
3911,breastfeeding
3912,cutlery
3913,swings
3914,magazines
3915,futuna
3916,premiere
3917,flute
3918,francesco
3919,ships
3920,warsaw
3921,verbs
3922,middleton
3923,winnipeg
3924,subscription
3925,towel
3926,sand
3927,bali
3928,foreclosures
3929,tasmania
3930,welding
3931,daughters
3932,drummer
3933,smartphone
3934,facials
3935,symposium
3936,elbow
3937,camel
3938,carlisle
3939,outdoors
3940,trunk
3941,juniper
3942,spires
3943,hats
3944,yellowstone
3945,pewter
3946,bild
3947,lister
3948,downing
3949,hometown
3950,drosophila
3951,universities
3952,algae
3953,sessions
3954,vin
3955,engaged
3956,sunset
3957,frontgate
3958,candle
3959,mercury
3960,supermarkets
3961,irene
3962,kazakhstan
3963,weir
3964,rugby
3965,shenzhen
3966,pig
3967,thunderbird
3968,crushed
3969,weblogs
3970,brains
3971,sapphire
3972,marginal
3973,toilet
3974,italia
3975,cushions
3976,solder
3977,korea
3978,shreveport
3979,conrad
3980,thomas
3981,prudential
3982,gardening
3983,sauvignon
3984,wildlife
3985,terrier
3986,pic
3987,tanks
3988,husband
3989,mellon
3990,motherboards
3991,bmc
3992,golfers
3993,bred
3994,gerry
3995,rss
3996,greece
3997,mellon
3998,supermarkets
3999,televisions
4000,mayhem
4001,balcony
4002,usher
4003,reese
4004,haiti
4005,sloan
4006,frogs
4007,hands
4008,pubs
4009,safari
4010,wishlist
4011,bhutan
4012,october
4013,saxon
4014,priests
4015,blondes
4016,apartment
4017,paperbacks
4018,hands
4019,sudan
4020,mirror
4021,trees
4022,door
4023,cake
4024,yosemite
4025,moss
4026,theater
4027,queen
4028,dyer
4029,podcasts
4030,laptop
4031,cctv
4032,dtd
4033,pointers
4034,stalls
4035,gaps
4036,displacement
4037,dresses
4038,abramoff
4039,preschool
4040,tenerife
4041,construction
4042,tables
4043,xiii
4044,pinkworld
4045,premiere
4046,syrian
4047,tivo
4048,coffee
4049,pricerunner
4050,disabilities
4051,franchising
4052,apartment
4053,bros
4054,outfits
4055,sportswear
4056,reuse
4057,wedding
4058,reputable
4059,rent
4060,drills
4061,mirror
4062,separates
4063,rainbow
4064,districts
4065,construction
4066,vuitton
4067,seychelles
4068,stupid
4069,whistler
4070,wonder
4071,fiery
4072,compost
4073,conducting
4074,liechtenstein
4075,pastel
4076,qualifications
4077,surfer
4078,olympics
4079,svg
4080,jars
4081,vatican
4082,armenian
4083,monitors
4084,ein
4085,expandable
4086,buddhism
4087,infantry
4088,squid
4089,capri
4090,hockey
4091,lutheran
4092,fiberglass
4093,zebra
4094,cookware
4095,drawing
4096,guestbook
4097,orioles
4098,jaguar
4099,pile
4100,flea
4101,iu
4102,ufo
4103,rove
4104,facials
4105,vending
4106,railroad
4107,mammals
4108,sublimedirectory
4109,renders
4110,gloves
4111,arrivals
4112,quartet
4113,fought
4114,bears
4115,stranger
4116,barrels
4117,onions
4118,flea
4119,assistants
4120,provence
4121,snowboard
4122,bhutan
4123,circuits
4124,olivier
4125,msn
4126,celtic
4127,construction
4128,escape
4129,sale
4130,packard
4131,blossom
4132,slovenia
4133,guernsey
4134,nanny
4135,systems
4136,race
4137,dogs
4138,newcastle
4139,scarf
4140,rockwell
4141,munich
4142,faucet
4143,chains
4144,edmonton
4145,didrex
4146,sword
4147,rhino
4148,backend
4149,earrings
4150,vase
4151,regency
4152,universal
4153,hair
4154,singing
4155,edgar
4156,curb
4157,canal
4158,tableware
4159,belfast
4160,swinger
4161,grant
4162,baseball
4163,cages
4164,bottled
4165,respondents
4166,putting
4167,leaves
4168,homeless
4169,clerks
4170,bride
4171,putting
4172,psychiatry
4173,fences
4174,saxon
4175,pv
4176,mechanic
4177,embryo
4178,webdesign
4179,fisherman
4180,pri
4181,istanbul
4182,dairy
4183,underoath
4184,guernsey
4185,snowy
4186,orchestra
4187,pillow
4188,grant
4189,ashanti
4190,brewery
4191,learned
4192,marvin
4193,wolverhampton
4194,cent
4195,bridal
4196,wishes
4197,coed
4198,hanoi
4199,alone
4200,topless
4201,shirts
4202,pizza
4203,hated
4204,velvet
4205,pvt
4206,kitten
4207,boots
4208,networking
4209,rocks
4210,fires
4211,shakira
4212,elvis
4213,flag
4214,rm
4215,aquarium
4216,lesotho
4217,fires
4218,particular
4219,thumbnails
4220,whales
4221,declines
4222,reader
4223,agriculture
4224,audi
4225,brasil
4226,jaws
4227,birthdays
4228,astros
4229,duke
4230,senior
4231,monuments
4232,spring
4233,ville
4234,decorate
4235,palm
4236,bikes
4237,lesotho
4238,yugoslavia
4239,literature
4240,cooke
4241,rican
4242,crete
4243,occupation
4244,sheraton
4245,ordering
4246,twain
4247,chromatography
4248,belts
4249,hilary
4250,parade
4251,spite
4252,airsoft
4253,msn
4254,buildings
4255,trolley
4256,drought
4257,munich
4258,geology
4259,caution
4260,georgetown
4261,bridal
4262,captive
4263,tic
4264,lanka
4265,shropshire
4266,globe
4267,ireland
4268,ww
4269,alphabet
4270,slender
4271,flowers
4272,horseback
4273,strongest
4274,thumbzilla
4275,bovine
4276,legs
4277,nielsen
4278,mls
4279,sunflower
4280,ladder
4281,diagnosis
4282,derbyshire
4283,infants
4284,military
4285,arrests
4286,giclee
4287,corridor
4288,creampie
4289,vows
4290,mechanic
4291,rowling
4292,neck
4293,profileprofile
4294,kitchen
4295,baghdad
4296,curtain
4297,totaling
4298,bathroom
4299,restaurant
4300,motion
4301,midway
4302,affirm
4303,construction
4304,barnett
4305,reversible
4306,hat
4307,remortgage
4308,superstar
4309,drummer
4310,pool
4311,speeches
4312,octet
4313,guinness
4314,audrey
4315,railways
4316,curly
4317,promotions
4318,ferry
4319,elementary
4320,park
4321,spider
4322,comm
4323,dublin
4324,visitor
4325,dante
4326,throne
4327,honeymoon
4328,dough
4329,throne
4330,flag
4331,gardening
4332,sam
4333,acquisition
4334,tibet
4335,liechtenstein
4336,espresso
4337,yuan
4338,lantern
4339,scarf
4340,ritchie
4341,keypad
4342,regard
4343,mallorca
4344,sakai
4345,pointing
4346,falcon
4347,guadeloupe
4348,belgium
4349,copenhagen
4350,celebrate
4351,sixteen
4352,apron
4353,asheville
4354,wildlife
4355,birds
4356,uncategorized
4357,therapists
4358,northamptonshire
4359,tattoo
4360,mansfield
4361,glasses
4362,append
4363,galway
4364,cocktails
4365,stark
4366,equatorial
4367,chair
4368,legs
4369,warsaw
4370,kyoto
4371,octet
4372,listing
4373,pedigree
4374,upskirt
4375,directory
4376,phentermine
4377,ibis
4378,bryce
4379,winamp
4380,lagoon
4381,fishes
4382,stools
4383,alexa
4384,tents
4385,hearts
4386,petrol
4387,quilting
4388,usability
4389,quarterback
4390,scooters
4391,path
4392,bikes
4393,perkins
4394,phuket
4395,duluth
4396,slippers
4397,washington
4398,onboard
4399,renders
4400,lights
4401,aspen
4402,miguel
4403,bermuda
4404,boarding
4405,banquet
4406,brighton
4407,robin
4408,gown
4409,surfer
4410,rosen
4411,vermont
4412,nigel
4413,fishes
4414,gown
4415,creek
4416,petrol
4417,eyewear
4418,contracted
4419,galaxy
4420,clown
4421,barrie
4422,kawasaki
4423,oaks
4424,relate
4425,backpack
4426,cherry
4427,bulls
4428,philippines
4429,bitpipe
4430,dominant
4431,stuffing
4432,scotland
4433,shaw
4434,hiking
4435,peninsula
4436,makeup
4437,scotland
4438,viewsonic
4439,pasture
4440,bronze
4441,married
4442,dell
4443,jacks
4444,browse
4445,flickr
4446,bouquet
4447,spans
4448,galveston
4449,mornings
4450,jacket
4451,sofas
4452,kijiji
4453,brides
4454,tokelau
4455,computers
4456,crops
4457,saxon
4458,knowles
4459,almond
4460,caffeine
4461,cactus
4462,chocolate
4463,diecast
4464,bunker
4465,ecards
4466,gifs
4467,moose
4468,social
4469,asphalt
4470,whichever
4471,iu
4472,cindy
4473,lecture
4474,header
4475,iu
4476,probabilities
4477,stem
4478,lesbos
4479,filemaker
4480,lexus
4481,festive
4482,camcorders
4483,kiev
4484,burundi
4485,antiques
4486,enthusiasm
4487,social
4488,ape
4489,cottage
4490,heathrow
4491,polaroid
4492,file
4493,avenues
4494,affirm
4495,reputable
4496,wedding
4497,surgeons
4498,stands
4499,publication
4500,red
4501,booksellers
4502,cake
4503,spiderman
4504,eo
4505,nepal
4506,shoes
4507,husky
4508,cracks
4509,elephant
4510,social
4511,johannesburg
4512,donations
4513,caves
4514,casserole
4515,reputable
4516,quilts
4517,refused
4518,bridges
4519,tabletop
4520,bulldogs
4521,racism
4522,tree
4523,motorcycles
4524,detainees
4525,iu
4526,houston
4527,engines
4528,shelter
4529,gowns
4530,rapids
4531,standalone
4532,advent
4533,dragons
4534,holocaust
4535,barefoot
4536,bild
4537,hutchinson
4538,rem
4539,iu
4540,streams
4541,lighthouse
4542,beef
4543,kalamazoo
4544,myanmar
4545,mar
4546,sizes
4547,ottawa
4548,tickets
4549,cabins
4550,womens
4551,drake
4552,motels
4553,malibu
4554,superman
4555,slides
4556,furnished
4557,leopard
4558,kissing
4559,salvador
4560,mime
4561,edinburgh
4562,advertisement
4563,wheelchair
4564,soil
4565,heidelberg
4566,beads
4567,inadequate
4568,thirty
4569,academies
4570,kyoto
4571,subchapter
4572,soccer
4573,betsy
4574,gal
4575,bibtex
4576,ericsson
4577,bild
4578,angelina
4579,beige
4580,collier
4581,carlo
4582,brushes
4583,ferries
4584,tutorials
4585,dove
4586,bank
4587,stomach
4588,postage
4589,knocking
4590,chickens
4591,ramones
4592,wherein
4593,ginger
4594,canopy
4595,bridge
4596,campgrounds
4597,occ
4598,belgrade
4599,dui
4600,subsequently
4601,bedroom
4602,shakira
4603,gym
4604,viewsonic
4605,boats
4606,hansard
4607,shoes
4608,waveform
4609,distressed
4610,toshiba
4611,pegasus
4612,dancing
4613,nonprofit
4614,laos
4615,supernatural
4616,alpine
4617,garland
4618,telephones
4619,pitcher
4620,chairs
4621,canterbury
4622,roundtable
4623,closeout
4624,walker
4625,transverse
4626,ashcroft
4627,roofing
4628,sunglasses
4629,beer
4630,candle
4631,gazette
4632,trophy
4633,neighbors
4634,alla
4635,woodstock
4636,marietta
4637,grasp
4638,pile
4639,enb
4640,friedrich
4641,concealed
4642,dresser
4643,perth
4644,periodicals
4645,liechtenstein
4646,dresser
4647,trucking
4648,puppies
4649,reservoir
4650,slices
4651,smokers
4652,condominium
4653,italy
4654,examiners
4655,arch
4656,usgs
4657,trout
4658,landscaping
4659,tattoos
4660,monkey
4661,fd
4662,guinness
4663,eggs
4664,profileprofile
4665,manila
4666,terre
4667,fielding
4668,microsoft
4669,werner
4670,fairies
4671,bulldogs
4672,celebrities
4673,ring
4674,derbyshire
4675,poker
4676,politician
4677,mating
4678,cabins
4679,villas
4680,brunette
4681,jordan
4682,beavers
4683,swan
4684,sandal
4685,pouring
4686,beard
4687,sheldon
4688,aa
4689,armstrong
4690,spokane
4691,bangkok
4692,nextag
4693,wolverhampton
4694,heartbeat
4695,shellfish
4696,ferries
4697,refinancing
4698,adler
4699,melanie
4700,cricket
4701,sauvignon
4702,window
4703,namibia
4704,posters
4705,siena
4706,branded
4707,hectares
4708,rainforest
4709,rug
4710,santa
4711,jeep
4712,augustus
4713,depths
4714,malta
4715,uploading
4716,ranger
4717,phuket
4718,printers
4719,cottages
4720,peugeot
4721,snatch
4722,nba
4723,earring
4724,map
4725,ring
4726,kz
4727,badminton
4728,dresses
4729,premiership
4730,dragonfly
4731,birthdays
4732,fixed
4733,amsterdam
4734,envelopes
4735,police
4736,hitch
4737,thirds
4738,towing
4739,marilyn
4740,ram
4741,pontiac
4742,piano
4743,stag
4744,transporter
4745,scarf
4746,daughters
4747,irish
4748,louisiana
4749,camel
4750,porto
4751,connectors
4752,chandelier
4753,buzz
4754,concert
4755,doncaster
4756,sailors
4757,motels
4758,assemblies
4759,bakery
4760,number
4761,bonn
4762,microwave
4763,bovine
4764,shirt
4765,crowd
4766,communicator
4767,breathe
4768,tamiflu
4769,lanka
4770,sailors
4771,rugby
4772,faint
4773,barefoot
4774,tiava
4775,renee
4776,orchid
4777,deer
4778,hiking
4779,sailing
4780,seneca
4781,putnam
4782,carriage
4783,gsm
4784,wildlife
4785,bernstein
4786,splash
4787,favorites
4788,concerns
4789,fitzgerald
4790,citizen
4791,versace
4792,sky
4793,aries
4794,malta
4795,scottish
4796,trivium
4797,talking
4798,crab
4799,encourage
4800,copper
4801,faucets
4802,significance
4803,invitations
4804,cz
4805,graphite
4806,mustard
4807,coli
4808,dunes
4809,mitsubishi
4810,mason
4811,chapel
4812,landscaping
4813,bridge
4814,apartments
4815,planets
4816,programmers
4817,maharashtra
4818,outline
4819,cows
4820,iu
4821,estates
4822,iss
4823,accents
4824,griffith
4825,suv
4826,mozambique
4827,katz
4828,toulouse
4829,cookbooks
4830,purdue
4831,flip
4832,travestis
4833,sugababes
4834,diffs
4835,filmmakers
4836,protests
4837,globalisation
4838,compatible
4839,columns
4840,compactflash
4841,formulas
4842,tattoo
4843,leonardo
4844,tree
4845,bangladesh
4846,neuroscience
4847,tackling
4848,frog
4849,poster
4850,heather
4851,flashlight
4852,box
4853,blackburn
4854,tourists
4855,traveller
4856,religions
4857,snowboarding
4858,rockford
4859,sandbox
4860,svalbard
4861,winery
4862,milford
4863,welcomed
4864,thames
4865,snakes
4866,newspapers
4867,reuters
4868,kitten
4869,salmon
4870,nfl
4871,bouquets
4872,permissions
4873,spring
4874,boats
4875,finch
4876,fence
4877,garrison
4878,wigs
4879,stacy
4880,eyewear
4881,cathy
4882,brasil
4883,submarine
4884,kris
4885,gprs
4886,register
4887,drop
4888,smartphone
4889,sitemap
4890,apparatus
4891,razr
4892,pyramid
4893,knoxville
4894,flowers
4895,mexico
4896,lynx
4897,reptiles
4898,animated
4899,wright
4900,halloween
4901,balloons
4902,suited
4903,finances
4904,parrot
4905,vv
4906,tivo
4907,farmers
4908,cheerleaders
4909,playoffs
4910,submarine
4911,fireworks
4912,patricia
4913,galveston
4914,pole
4915,factoring
4916,sandbox
4917,eo
4918,backend
4919,coordinators
4920,soprano
4921,blackpool
4922,rabbits
4923,bournemouth
4924,vatican
4925,gentoo
4926,accident
4927,bremen
4928,nevada
4929,katherine
4930,subwoofer
4931,ig
4932,pantera
4933,enlargement
4934,elephant
4935,dawson
4936,compactflash
4937,caterpillar
4938,shakira
4939,cowboys
4940,malaria
4941,suv
4942,halloween
4943,oxfordshire
4944,observatory
4945,monument
4946,goa
4947,ipswich
4948,cathy
4949,silva
4950,bikes
4951,car
4952,wildlife
4953,extinction
4954,annie
4955,nfl
4956,croix
4957,cathy
4958,motorsport
4959,cabinet
4960,affinity
4961,juvenile
4962,cambodia
4963,studio
4964,white
4965,lion
4966,bouquet
4967,forest
4968,championships
4969,sandals
4970,compactflash
4971,zebra
4972,avalon
4973,video
4974,spear
4975,comply
4976,circles
4977,villagers
4978,math
4979,guinness
4980,premiere
4981,barbecue
4982,netware
4983,isaiah
4984,tibet
4985,dram
4986,trains
4987,obituary
4988,chris
4989,wichita
4990,broadway
4991,ohio
4992,brides
4993,merchandising
4994,discounts
4995,branding
4996,rumsfeld
4997,britney
4998,suriname
4999,leap
5000,grizzly
5001,tote
5002,indianapolis
5003,smithsonian
5004,cindy
5005,hoodia
5006,bangbus
5007,triathlon
5008,malaga
5009,domestic
5010,pattern
5011,yorker
5012,rue
5013,serena
5014,glazed
5015,scotland
5016,ring
5017,seoul
5018,navy
5019,alamo
5020,accountable
5021,weymouth
5022,olympics
5023,navajo
5024,noodles
5025,boats
5026,fog
5027,nz
5028,superstar
5029,cardiff
5030,seated
5031,diary
5032,cardinals
5033,stockings
5034,tenerife
5035,weir
5036,rugby
5037,seated
5038,shrimp
5039,monterey
5040,naomi
5041,fiberglass
5042,tent
5043,catherine
5044,kylie
5045,toys
5046,secretariat
5047,oslo
5048,suriname
5049,vineyards
5050,rugby
5051,violin
5052,citrus
5053,simone
5054,carrie
5055,trays
5056,sutherland
5057,moroccan
5058,streamline
5059,christmas
5060,racing
5061,rafting
5062,moroccan
5063,objects
5064,yellowstone
5065,apples
5066,helicopter
5067,targets
5068,ud
5069,wales
5070,loch
5071,sonata
5072,cornwall
5073,acne
5074,helmets
5075,vanity
5076,gatwick
5077,pyramid
5078,planting
5079,miquelon
5080,nsw
5081,raspberry
5082,grandchildren
5083,social
5084,cumbria
5085,actress
5086,golfing
5087,tivo
5088,bangkok
5089,inequalities
5090,macau
5091,deer
5092,giclee
5093,stripe
5094,cake
5095,afghanistan
5096,lines
5097,autographs
5098,robbery
5099,outerwear
5100,kitchen
5101,ladyboys
5102,xv
5103,shed
5104,earring
5105,dome
5106,bus
5107,laos
5108,banner
5109,durango
5110,influenza
5111,saxon
5112,spin
5113,nicaragua
5114,bbc
5115,gprs
5116,mint
5117,broadcasters
5118,faroe
5119,hockey
5120,navajo
5121,acl
5122,presley
5123,marble
5124,rockies
5125,rammstein
5126,flu
5127,coaches
5128,bookshop
5129,palm
5130,occupy
5131,siam
5132,parameter
5133,highlighting
5134,cathy
5135,florence
5136,basketball
5137,taipei
5138,hats
5139,guitar
5140,thailand
5141,sennheiser
5142,tomcat
5143,glossy
5144,gears
5145,spinach
5146,monks
5147,horse
5148,hugs
5149,premiere
5150,gal
5151,enhancing
5152,basketball
5153,meadow
5154,breeds
5155,siena
5156,cyrus
5157,fence
5158,footwear
5159,halloween
5160,lakeside
5161,syn
5162,globes
5163,cub
5164,kennel
5165,kylie
5166,shirt
5167,punjab
5168,flags
5169,comforter
5170,affirm
5171,hockey
5172,vengeance
5173,panda
5174,fireplace
5175,cushions
5176,shower
5177,cumbria
5178,casts
5179,linksys
5180,roger
5181,vegetable
5182,roads
5183,pasture
5184,charger
5185,tv
5186,tennis
5187,yosemite
5188,liechtenstein
5189,flowers
5190,resistor
5191,closeout
5192,fined
5193,odor
5194,indy
5195,friday
5196,cake
5197,pinkworld
5198,galaxies
5199,readers
5200,jumping
5201,railway
5202,invitations
5203,narrow
5204,sofas
5205,scottsdale
5206,zero
5207,awarded
5208,disputes
5209,displays
5210,crosses
5211,ships
5212,chopper
5213,spray
5214,tent
5215,itinerary
5216,pakistan
5217,deck
5218,saxon
5219,alloy
5220,pcm
5221,derbyshire
5222,yorker
5223,airways
5224,queensland
5225,strips
5226,westwood
5227,galway
5228,cleanup
5229,coats
5230,rainbow
5231,vita
5232,statue
5233,shoppers
5234,teens
5235,chickens
5236,limerick
5237,dining
5238,walnut
5239,otter
5240,carriers
5241,ll
5242,bosch
5243,rammstein
5244,sooner
5245,tying
5246,apocalypse
5247,northwest
5248,temples
5249,envelopes
5250,monogram
5251,cuisine
5252,museum
5253,yellowstone
5254,crossword
5255,oaks
5256,toddlers
5257,potatoes
5258,barcelona
5259,equitable
5260,refused
5261,liechtenstein
5262,fountains
5263,audubon
5264,blackboard
5265,bed
5266,restaurant
5267,runway
5268,mosque
5269,unc
5270,gowns
5271,saddle
5272,arden
5273,seasonal
5274,boat
5275,moscow
5276,pavement
5277,secretaries
5278,venezuela
5279,bridges
5280,thyroid
5281,transporter
5282,staple
5283,outreach
5284,davis
5285,newsletters
5286,spires
5287,brewers
5288,accountant
5289,saskatoon
5290,florists
5291,azerbaijan
5292,overdose
5293,protests
5294,balcony
5295,header
5296,bricks
5297,sunderland
5298,beirut
5299,pattern
5300,vb
5301,window
5302,kristin
5303,taylor
5304,birthdays
5305,owl
5306,halloween
5307,singing
5308,planets
5309,wimbledon
5310,shrimp
5311,thermometer
5312,oceanic
5313,newborn
5314,jamaica
5315,gossip
5316,boy
5317,garfield
5318,galerie
5319,fre
5320,uninstall
5321,cushions
5322,moonlight
5323,lamps
5324,bbw
5325,underoath
5326,algae
5327,shrine
5328,descendants
5329,coleman
5330,police
5331,laptops
5332,balcony
5333,skull
5334,advent
5335,asians
5336,joseph
5337,elephant
5338,terrier
5339,christi
5340,borland
5341,arcade
5342,deutsche
5343,pong
5344,paterson
5345,chest
5346,legislature
5347,olympics
5348,sweden
5349,gown
5350,lavigne
5351,norway
5352,parade
5353,flag
5354,leds
5355,sunglasses
5356,turtles
5357,interior
5358,dresses
5359,surfer
5360,globalization
5361,devils
5362,watched
5363,weighed
5364,payne
5365,actresses
5366,moroccan
5367,banner
5368,mcguire
5369,sunset
5370,sun
5371,grizzly
5372,today
5373,marketplace
5374,manure
5375,purpose
5376,dotted
5377,gmbh
5378,vanity
5379,levy
5380,affirm
5381,spoke
5382,affirm
5383,daycare
5384,submarine
5385,cleveland
5386,equine
5387,employability
5388,sailing
5389,snowy
5390,sheep
5391,viruses
5392,flea
5393,flowers
5394,mansion
5395,indexing
5396,weymouth
5397,cabins
5398,chef
5399,paperwork
5400,savanna
5401,lynx
5402,floor
5403,teams
5404,cialis
5405,slideshow
5406,christopher
5407,hazards
5408,friedrich
5409,gazette
5410,skirts
5411,lynx
5412,secretarial
5413,ville
5414,pakistani
5415,clubhouse
5416,plates
5417,lamp
5418,whistler
5419,umbrella
5420,whirlpool
5421,rfid
5422,istanbul
5423,patti
5424,calculation
5425,numbers
5426,nursery
5427,poker
5428,exhibits
5429,glamour
5430,backs
5431,hair
5432,ruins
5433,dustin
5434,meetings
5435,westfield
5436,vertices
5437,book
5438,factoring
5439,pantyhose
5440,jules
5441,rhino
5442,garages
5443,pigs
5444,drummer
5445,stomach
5446,outright
5447,pottery
5448,kite
5449,enlisted
5450,cafeteria
5451,circles
5452,festivals
5453,costumes
5454,beirut
5455,social
5456,tornado
5457,webmin
5458,gcse
5459,paperback
5460,forecast
5461,djs
5462,persia
5463,heathrow
5464,rims
5465,funeral
5466,lincoln
5467,rabbits
5468,washing
5469,hiking
5470,helicopters
5471,galileo
5472,leonardo
5473,gown
5474,shells
5475,auditions
5476,kimberly
5477,programmes
5478,earrings
5479,manhattan
5480,tractor
5481,chain
5482,vows
5483,quilts
5484,drawing
5485,subsequently
5486,abandoned
5487,aruba
5488,blake
5489,rollers
5490,lisbon
5491,churches
5492,christensen
5493,stony
5494,easyshare
5495,forex
5496,illustrator
5497,hilfiger
5498,enchanted
5499,didrex
5500,trekking
5501,genetically
5502,makeup
5503,swallow
5504,deer
5505,elevator
5506,philippines
5507,technics
5508,creek
5509,horticulture
5510,ferry
5511,eagle
5512,nunavut
5513,tunisia
5514,hebrew
5515,embl
5516,socks
5517,mirror
5518,cafe
5519,poland
5520,swimwear
5521,parade
5522,viper
5523,testimonials
5524,dresser
5525,enhancing
5526,lanka
5527,ornaments
5528,acne
5529,incubus
5530,mona
5531,conditioner
5532,bear
5533,canine
5534,planets
5535,bohemian
5536,farmhouse
5537,bios
5538,balloons
5539,sto
5540,spindle
5541,far
5542,hay
5543,facials
5544,cac
5545,turf
5546,algeria
5547,chapel
5548,griffith
5549,stairs
5550,calf
5551,engagement
5552,gwen
5553,towels
5554,enable
5555,brushes
5556,seeds
5557,lawn
5558,column
5559,dressing
5560,arm
5561,inspections
5562,breakfasts
5563,brighton
5564,steps
5565,foods
5566,camel
5567,prohibit
5568,grey
5569,griffith
5570,heathrow
5571,patti
5572,hare
5573,meridia
5574,railroad
5575,precinct
5576,clit
5577,egypt
5578,smiling
5579,duluth
5580,header
5581,teleflora
5582,yachts
5583,veterans
5584,toddlers
5585,tulip
5586,jaguar
5587,guitar
5588,diets
5589,almond
5590,tunnel
5591,corridors
5592,dragonfly
5593,harbour
5594,pundit
5595,kayaking
5596,beds
5597,florist
5598,ordinator
5599,smartphone
5600,botswana
5601,capri
5602,apartment
5603,teleflora
5604,dealing
5605,box
5606,montserrat
5607,spf
5608,hogtied
5609,fries
5610,vocational
5611,qualitative
5612,profileprofile
5613,backpacking
5614,guadeloupe
5615,spots
5616,awkward
5617,msg
5618,parrot
5619,indonesia
5620,concert
5621,backstage
5622,nigerian
5623,surgeons
5624,fruits
5625,kylie
5626,profileprofile
5627,bananas
5628,revenues
5629,bathroom
5630,theft
5631,sf
5632,eighty
5633,fsb
5634,reflect
5635,sheep
5636,terribly
5637,boxing
5638,calculator
5639,alamo
5640,window
5641,ecuador
5642,munich
5643,lamborghini
5644,caves
5645,msn
5646,delhi
5647,comforter
5648,soho
5649,costumes
5650,krishna
5651,creek
5652,employee
5653,social
5654,drought
5655,facials
5656,yves
5657,lois
5658,pyramid
5659,tents
5660,embl
5661,iptables
5662,blogshares
5663,steroids
5664,regard
5665,allegra
5666,eat
5667,cosmos
5668,boxing
5669,ceilings
5670,newsroom
5671,cuba
5672,balcony
5673,sailing
5674,spindle
5675,saxon
5676,mask
5677,southampton
5678,bono
5679,cave
5680,bookmarks
5681,trains
5682,cable
5683,cherries
5684,resolutions
5685,hare
5686,larvae
5687,yellow
5688,flags
5689,dancer
5690,horseback
5691,serv
5692,lucas
5693,bowl
5694,grenadines
5695,deepthroat
5696,lion
5697,dogs
5698,mask
5699,blackpool
5700,benches
5701,shoe
5702,florida
5703,piping
5704,coat
5705,globes
5706,doors
5707,eggs
5708,stamps
5709,winters
5710,gemstones
5711,training
5712,outfits
5713,pattern
5714,carmel
5715,salzburg
5716,playhouse
5717,pitcher
5718,shenzhen
5719,bear
5720,herbs
5721,sculptures
5722,yarn
5723,cdp
5724,poppy
5725,trekking
5726,playhouse
5727,twiztid
5728,investigating
5729,vatican
5730,taipei
5731,weighs
5732,fox
5733,wicker
5734,ville
5735,pope
5736,chinatown
5737,fedora
5738,bracelet
5739,occupancy
5740,tenerife
5741,wheat
5742,vows
5743,dolphin
5744,chemotherapy
5745,travel
5746,toddlers
5747,pottery
5748,angels
5749,ford
5750,rockies
5751,kaplan
5752,larvae
5753,thames
5754,mauritania
5755,paris
5756,seals
5757,dc
5758,moon
5759,courtyard
5760,bhutan
5761,teen
5762,hartford
5763,shoes
5764,grandchildren
5765,teleflora
5766,meat
5767,phelps
5768,pouch
5769,disclosure
5770,vogue
5771,yachts
5772,montserrat
5773,monkey
5774,owens
5775,taipei
5776,composers
5777,exits
5778,doc
5779,anchorage
5780,arlington
5781,valencia
5782,justin
5783,biotech
5784,tycoon
5785,rapids
5786,tomatoes
5787,tattoos
5788,benin
5789,countrywide
5790,cavalry
5791,caution
5792,fireworks
5793,elk
5794,seeds
5795,volunteers
5796,msrp
5797,temples
5798,sweatshirt
5799,sedona
5800,parliament
5801,farms
5802,coaster
5803,backgammon
5804,equine
5805,strait
5806,spiders
5807,knowles
5808,bengal
5809,vail
5810,orange
5811,mustang
5812,warrant
5813,congress
5814,butterfly
5815,eyewear
5816,maltese
5817,lynx
5818,swimming
5819,lantern
5820,swimming
5821,restriction
5822,gatwick
5823,loft
5824,lilies
5825,flashers
5826,lanka
5827,svalbard
5828,affirm
5829,tenders
5830,clue
5831,mgmt
5832,robot
5833,elec
5834,guam
5835,swansea
5836,infant
5837,abs
5838,gowns
5839,umbrella
5840,monastery
5841,granted
5842,syria
5843,boarding
5844,ornaments
5845,tamil
5846,ballroom
5847,missouri
5848,silver
5849,manor
5850,levine
5851,piano
5852,bracelets
5853,toledo
5854,italia
5855,motels
5856,michigan
5857,gossip
5858,baldwin
5859,saline
5860,hopper
5861,pablo
5862,collier
5863,factoring
5864,arden
5865,wales
5866,limousines
5867,leds
5868,nap
5869,circles
5870,quiz
5871,autonomous
5872,sloan
5873,thanksgiving
5874,missile
5875,siding
5876,expeditions
5877,aloe
5878,disney
5879,lobster
5880,lunch
5881,calf
5882,kitten
5883,quarry
5884,imposing
5885,aerial
5886,dunes
5887,training
5888,vases
5889,sarasota
5890,hardy
5891,fringe
5892,fireplace
5893,grandchildren
5894,garfield
5895,banquet
5896,oscar
5897,costume
5898,discs
5899,artery
5900,miles
5901,tennis
5902,walmart
5903,dunes
5904,bulb
5905,downward
5906,rihanna
5907,fountains
5908,yellowstone
5909,workout
5910,saxon
5911,missy
5912,citrus
5913,gameboy
5914,buddhist
5915,painter
5916,games
5917,chattanooga
5918,beijing
5919,burgundy
5920,harlem
5921,telephone
5922,bee
5923,cello
5924,powerpoint
5925,laying
5926,barbecue
5927,wwii
5928,irene
5929,oxley
5930,runway
5931,cheerleaders
5932,swim
5933,beard
5934,watershed
5935,rajasthan
5936,josephine
5937,arabia
5938,gaza
5939,highways
5940,msn
5941,meadows
5942,oak
5943,resistance
5944,conversation
5945,maxi
5946,martinique
5947,owl
5948,harbor
5949,brass
5950,polar
5951,pony
5952,kj
5953,social
5954,amethyst
5955,institution
5956,baking
5957,teleflora
5958,jackets
5959,engaged
5960,michigan
5961,joy
5962,msg
5963,spots
5964,everquest
5965,declines
5966,masters
5967,chicks
5968,net
5969,candles
5970,boots
5971,osaka
5972,camper
5973,sand
5974,krishna
5975,sectional
5976,mosque
5977,ashanti
5978,pixel
5979,uzbekistan
5980,bus
5981,sore
5982,bows
5983,hewitt
5984,palms
5985,cactus
5986,prints
5987,roaming
5988,lettering
5989,makeup
5990,banff
5991,insect
5992,roses
5993,paved
5994,toddler
5995,reits
5996,tacoma
5997,pumpkin
5998,lama
5999,sandwiches
6000,biking
6001,stops
6002,desk
6003,ireland
6004,remedies
6005,soho
6006,violin
6007,farmer
6008,cello
6009,pittsburgh
6010,rudolph
6011,bolton
6012,persuade
6013,djs
6014,undefined
6015,horses
6016,icelandic
6017,ten
6018,paintings
6019,microphone
6020,jd
6021,tractors
6022,oldsmobile
6023,elm
6024,flowers
6025,bottles
6026,bridges
6027,bangkok
6028,munich
6029,cats
6030,owl
6031,bond
6032,ice
6033,moss
6034,aps
6035,horse
6036,knots
6037,signage
6038,consumers
6039,tenerife
6040,starbucks
6041,fired
6042,greatest
6043,munich
6044,taxi
6045,rome
6046,csu
6047,patton
6048,balloon
6049,aircraft
6050,lions
6051,bulgarian
6052,deployment
6053,cathy
6054,automotive
6055,notebooks
6056,volleyball
6057,mcgraw
6058,sheldon
6059,rainbow
6060,red
6061,gregg
6062,rihanna
6063,drank
6064,collar
6065,doctoral
6066,vending
6067,tub
6068,hammond
6069,worksheets
6070,huskies
6071,cleanup
6072,books
6073,malls
6074,gardening
6075,sapiens
6076,randomized
6077,omission
6078,sgi
6079,homework
6080,infant
6081,sunflower
6082,beats
6083,nascar
6084,voc
6085,elisa
6086,fires
6087,bangbus
6088,triathlon
6089,piping
6090,wwf
6091,clemson
6092,iu
6093,twp
6094,baldwin
6095,belize
6096,uk
6097,metric
6098,fittings
6099,charger
6100,darussalam
6101,drawers
6102,lighthouse
6103,hockey
6104,volleyball
6105,gsm
6106,stadium
6107,knots
6108,roundtable
6109,boxing
6110,glasses
6111,juvenile
6112,celine
6113,tolkien
6114,butterfly
6115,baccarat
6116,bubble
6117,massachusetts
6118,costume
6119,shropshire
6120,recipients
6121,wallis
6122,bouquets
6123,busch
6124,kensington
6125,topaz
6126,surfer
6127,monopoly
6128,cocktail
6129,practically
6130,park
6131,patio
6132,swings
6133,almond
6134,bono
6135,vows
6136,tools
6137,shark
6138,palette
6139,manor
6140,knit
6141,book
6142,backstage
6143,collar
